{"HID":20,"OBS":34,"ACT":8,"net":{"W1":[[-0.02754916556780399,0.03773230943118655,-0.1896996092435668,-0.37075690301315284,0.04698589334580285,0.24030696851689626,0.2632798283271351,0.08854603542813853,-0.21973828557496092,0.2895425892021769,-0.06813073655510468,-0.24175862022285172,0.01484860367627333,0.1452947204658669,0.23904939550868892,-0.11218999129490682,0.03312247401747893,0.03565021552006474,-0.13387560632722098,-0.04486397205288871,0.005637822808435036,0.05477139619669426,-0.4833915827892696,0.30454697119744406,0.17483111151787684,-0.11003934477659749,0.0013261841401328567,0.05147868095572752,0.30450145702939024,0.07683199025815926,-0.318021481195459,-0.09288512354878924,-0.14738494471763094,-0.2768919296873158],[0.07288544777551477,-0.18866355208931096,0.11371740573852189,-0.1712530214171275,-0.12735289909045194,0.2709968855001538,-0.280808878556286,-0.05935150124237533,0.60563876761315,0.08151744799578786,-0.2155631075225834,0.10147919604443423,0.3655712715515736,0.2272818609801827,-0.14000822172545496,0.0036284636854518756,-0.20848502703534164,-0.008409506297293033,0.1164283489377051,-0.0726345415274785,0.23189925655313476,0.17929358369079337,-0.021441693950046675,0.1987166413183649,0.1726608930699337,0.41257212194394133,-0.038962875988848907,-0.13381905285535498,-0.07515575680129402,-0.04653271429036825,0.2300841596510895,-0.256317778361999,-0.27994661154427675,0.009219334629282077],[-0.24001693447284975,0.4206694488764271,0.10430323629735518,0.3764102848661265,0.08056306130830536,0.4452094780997727,-0.1841995483115547,-0.2593930640521549,-0.21298695362936557,0.03987521609448898,-0.2186462388804985,0.004848023638120095,0.03704541449810226,-0.2641492116102956,-0.2039649372295026,-0.030274202931478804,-0.022449212530909323,-0.18147576525241252,-0.4578817924235497,0.11361340111750551,-0.02363950228098819,-0.2933199326894077,0.11244463037169873,0.0856999651472914,-0.05944737522050079,-0.002661985513570555,0.19111041770490297,0.0737933399001659,-0.04188272944007375,0.10463789004190063,-0.13463267104394133,-0.03962421991100531,-0.3405401565933063,0.08962374042941185],[-0.02263619980903838,0.04303849864020504,-0.11476129744900476,0.20109057954207757,0.02692212526415225,0.04148263151697802,-0.13342786836471573,0.11054143191392349,0.017506014640324724,0.038608659880840224,-0.193246343725333,-0.0672463985003481,0.28992082869045754,0.17107308906119578,0.08439620920341319,0.2062039847468366,0.06119401820770212,-0.2227388314680767,-0.036082371776112655,-0.08738121876586463,-0.36302685581428096,0.17408497352634208,-0.25641813518677564,-0.015438927068582022,-0.04633280413739136,-0.13105724639370409,-0.08986473909481497,0.1326324838498951,-0.12411140920058482,-0.05450755998581714,0.11163221427964846,-0.2891435220675499,-0.08166925439891706,0.3184936543236803],[0.11478471646340617,0.015667314286704214,0.023111613683198078,-0.12472241550736958,0.09549458929795258,-0.11145046167024196,0.032126684073475686,0.37938140370636103,0.1579268429309207,-0.04194196828139163,-0.10518006602873446,0.01667266899661205,0.38399372954291594,-0.21461473705951206,0.23666446653446363,0.07723707765136203,-0.07278120165222524,0.0909646877548069,0.2490697055292561,0.053336109601148256,0.021125846849907422,-0.13114334631167704,0.03305453788587586,0.10341180000619614,-0.09723897249723237,0.03293520287917677,-0.01435538835005076,0.18244365550006209,-0.061814427279990626,0.040902586224941716,-0.06234461515720903,-0.017248139902760792,0.11960912344090306,-0.023340553785942842],[0.12550096607137234,-0.49733121904874744,-0.057178314048538216,-0.12903206833276012,0.1278609475062078,-0.2564527629999799,-0.024889684848036206,0.13360103138826937,0.15587277451156095,-0.014192192074568153,-0.259799801338594,-0.03323555504838177,-0.06013862816706894,0.4201639811096389,0.02040932058490372,-0.1241267859625542,-0.03776231796778512,-0.27630756383966715,-0.3946685704080186,-0.05420454206840745,-0.15375324276054766,0.4253840576632591,0.02179190946226389,-0.08712392358977021,-0.12459274811617384,0.07057433056679505,-0.06257955620353267,0.1597714082143395,-0.021546618575848137,0.2668199120771098,-0.004577575815848479,0.26254446302467704,-0.009080226396879327,-0.1247273931031708],[-0.021318473091177396,0.032026519865399235,0.12782347618838244,0.12554423488118208,-0.051654433415858375,0.10695263769052814,0.09412117420903661,0.3116790368765001,-0.0923243838490963,-0.13071841973993797,0.05536435364791212,-0.061566755385478525,0.01112107797785618,-0.1634156783398788,-0.24505295570850186,0.32015279503510097,0.03528574042533124,0.06914572883568018,-0.22720674731058124,0.1215173100149842,-0.10100033878243476,0.14815310521949795,0.032778660114354985,-0.004889636795932636,0.09744118790515767,0.1889667458046632,-0.11686005314401678,-0.06499868426745394,-0.24166793777385756,0.060566473552328914,0.18320468239623455,0.1584901199311052,0.2874888048177395,0.09760042270037861],[0.25823569227629006,0.020729463214227712,-0.07874177897568496,-0.3244221296118817,0.2805711311945994,-0.0020124951632117475,0.0680795102311802,-0.046735005026017094,-0.0795105599343463,0.13877619319618095,-0.07632667363343557,0.09620756870372564,0.05945015424628564,0.05854586915179224,-0.05911313708502956,0.025150696265351078,0.140233136619438,0.0572106347893441,-0.3426656564749502,-0.014940023465627492,-0.08352383748308616,0.09981232609445365,0.13100336652069425,-0.1455029108734363,-0.04248799515487696,-0.08054451118895573,0.04644389178192384,-0.08936084956428803,-0.20614138497950849,0.026997757124121058,-0.07446088144183845,-0.1976894342366156,0.06919251093775933,0.10298221912636987],[-0.060619947708008895,0.0436434239491568,-0.10528525073802761,0.019969324631688247,-0.04488506289499038,0.012540273449230834,-0.23333705974577515,-0.049246218320538784,0.24817904837573387,-0.01930381955404055,0.055350155664823764,0.11575719768536258,0.18985787183373076,-0.1869697461346949,0.2742445641852774,0.14268974039075044,0.10035241167508811,-0.4517673647693763,0.38842011585479674,0.23268028979792135,-0.03190919906877556,0.15292533042559348,0.039662359936496,-0.11200253617971313,-0.15767492793375826,0.08914272126949535,0.015867644945235505,-0.03885318936041693,-0.006865073346921714,-0.055015133132212006,0.14014084054825296,0.18203997818120726,0.16273696288099088,-0.04674743420623146],[0.07350885299383608,-0.04814376851979601,0.08623331673025932,-0.2543104434246009,-0.03326321141816479,0.04903087724183096,-0.12101674707717264,0.11221430416526736,0.10300815846614847,-0.04600281062928409,-0.07760823196501912,0.21926434518968532,0.21031905523834882,0.04608263606039941,-0.14885915222881907,-0.06960253436539336,0.1285457064273271,0.21869348074285416,0.27713769815786204,-0.02836453436748496,-0.3592793002820302,0.16789218139222517,-0.04232612401837057,-0.031012330797769883,0.045769470744996474,0.01959064651880833,-0.14428751424136063,0.34788531295539216,-0.0895805492121707,-0.021564459512388685,-0.13891893468036356,-0.019276090289950323,-0.18259909778140587,0.05177450616453844],[0.16878767496320196,-0.10492840030481326,0.22310648125373386,0.10443747039331637,0.20795258881009407,-0.21144254891200584,-0.08349819077587012,0.16291701647470574,0.17515268224313502,-0.04641495515310107,0.3657950236100892,-0.12760538004470773,-0.06889604950458243,0.07028559244860193,0.2183178797411811,0.4132064514876982,0.05907026790830244,-0.06618008979950593,-0.022907493773948604,-0.06380528373410482,0.11995094429762389,-0.09976436379230227,0.1561986575881989,0.1181666520035898,0.13737760313897276,-0.059061620497475854,-0.034770370505035786,0.05554123895764551,-0.11543802640673007,-0.14445946911711427,0.1181925083992635,-0.3644179319918669,-0.4096182018280593,-0.08492369215639382],[-0.31243989875559547,0.007651719511848248,-0.10938464287019636,-0.5606591118717885,-0.1850509873840806,-0.09465795352868925,0.06564091850899567,0.05901402508139096,-0.1990078812014536,0.30186457346738826,-0.27908860934533325,0.1510834701008212,0.04139455890396496,-0.10323553928592756,0.21913381490849473,