{"NP":696,"HID":16,"OBS":34,"ACT":8,"theta":[0.19820906301802999,-0.05749445227925244,0.22003677263288982,0.13413925520924505,-0.28730624908963787,1.240794375127503,-0.441883782253355,0.7176839649075639,0.4628976076805549,0.04442047207548157,0.34721029281524973,-1.0401786931945598,0.4912593622284866,0.21847574847226311,0.07216380481389681,0.6735097601199401,-0.7774333226679963,0.48866983640082523,-0.584819978834336,0.8709661541032965,-0.5299606355677954,0.3688245337501922,0.5685082708606832,-0.2113668891562194,-0.6850718189199028,-1.3197456558113991,-0.7312971265005296,0.8530829951739292,-0.08639915095659305,0.5157051952921982,-0.12137477765930108,1.1979655557781734,1.0754828488474415,0.43958844118413437,0.23003610645287131,0.6467048023902157,0.38689713705466383,-0.47395271044663073,0.06768484732329402,0.32718757575542934,0.25017337419957164,-0.47467113274647366,0.7493661119106261,-0.33464327082693635,0.455857778713415,0.584725267042836,0.3974595814261487,0.9620280790575052,-1.1040434903910392,0.9168076710167946,0.9124747730592456,0.6479380390815012,0.18292459501884192,-0.11902241235741495,0.27422363586037085,0.14949763103276525,-0.9415506179434974,0.7432854432332303,-0.9878740372990529,-0.11849720509835804,-0.4724378452148375,0.0473678121309524,1.2347185061197261,0.47853336467084767,1.0969892816639855,0.3712909611179225,-0.4277205309458289,0.4364346722352354,0.33410426274709376,0.8703922787419077,0.13248459780728042,-0.601490980367558,1.169081840315356,0.9254964592084179,-0.021506633810737488,0.6307794724658814,-0.08859276464283869,-0.1442875676598717,-0.2388815898543148,-0.3531268148825574,0.009650821331378234,-0.02217415723024971,0.4634569219660657,0.5270965231201641,0.9440353539128398,-0.5636157817243403,0.7780664857625452,-0.16454518063835755,-0.1562844692867163,0.4088443750946302,0.9350840845262695,-0.12359524615866462,-0.05580208674837256,-0.5433743263323874,0.3550474420620125,0.3116325700096748,0.11014411605706186,0.7490543637404706,-0.467993393916574,-0.6098386171523811,-1.0403504695386543,-0.5034907026636218,0.8075534108317605,0.8549679197219742,1.0528680147138978,-0.08407633529636273,0.4670252116254834,1.0115999636247384,-0.5700971851482795,0.2058781771327568,-0.43658424269165164,0.7504381547401521,0.12728943902865525,0.35860374396622674,-0.7066272476249271,0.9512144594906425,-1.0649122122869925,-0.38859833443266684,0.3924087178708141,0.3285161037324721,0.18768791663659798,0.05500757379402096,0.542930234111944,-0.01775458439763533,-0.019607599474963044,0.21082676750382479,-0.3134014748013757,-0.6531078986786766,0.1842772925260017,1.05743456062624,0.7248829056817371,-0.7637215582488983,0.168454064961916,0.1956854970566488,0.2925551903894791,0.04656896652564207,0.6575106974997565,-0.43611256579923546,0.9879644419497863,0.3801479770900895,0.8040452843509176,0.2923072302049443,-0.29750397370855847,-0.054451463785756514,0.2350883592658362,-0.04577216605020046,0.3548968036569417,-0.9100509663294838,0.38809323876990787,0.6001538888158268,0.026069801453695973,-0.20909354753734627,-0.9064121696373434,0.4675379790624358,-0.20299002193983595,0.9207815848764207,-0.6728643220089809,1.1735934310238127,-0.28604976984405645,0.7088741136929682,-1.0449036386571684,0.2024010384531529,-0.14987624192709148,-1.4052169000446528,0.6917631968991609,0.6160964651912673,-0.3341449321142893,0.4019119312982977,0.35162533545328867,-0.6227973823842008,-0.26778861053647113,-0.1178609925905874,0.22148564675849575,-0.13761396551226374,-0.16185865467125754,-0.5615411205308573,-0.6404954397619291,-0.6679961684301023,-0.3160739905631427,0.4056418570324004,-0.7483125844087347,-1.5314840378694705,0.9808613582985767,-0.40498087665276394,0.7695648455190263,-0.5434441452008147,0.21412923020036545,-0.42115589377952517,-0.11900861171226998,-0.09853837112467168,0.46859883894503235,-0.42257256851515856,0.044041659053278795,-0.9668151973483123,0.5483489866525126,-1.255657739642005,-0.39467174427340723,0.8002566388157608,0.17223679323201563,-0.24821938267145377,-0.7414528020507336,0.4379467047723701,-0.050175260106386795,0.3014819332315455,0.7387783903685333,0.07363081568943461,0.0925030563583942,0.058428308000175316,1.1219857260564001,-1.4901541699949872,0.492452202277083,0.08487959058340248,0.574156944746555,-0.5583001596540791,0.31262142465802867,0.04902687427899713,-0.7824242942411331,0.08415085389027399,-0.13702388468405247,-0.002424672496059904,-0.7346641976442164,0.6863985957072812,-0.8508428819525089,0.6814820311488766,0.5416853063100265,-0.9363118565934637,0.9123340172039311,0.07832961627535379,-0.2721660664376689,-0.02935476324706622,-1.28915047873399,-0.6697477486711055,0.21858461788325578,-0.6204280447258602,-0.8730722966358517,-0.39612363186516053,0.8059213670065052,0.3589881596605804,0.5899389210950947,0.9686653235794337,0.3891963038454017,0.05311982393007678,0.7849434444390254,-0.032215076830785214,-0.21053877433248824,-0.2092971896359752,0.21792034409927977,-0.31786364554663327,-0.03343163932757975,0.03381562342541964,-0.3374577051413372,-0.4887404040174567,-0.020270519281693065,-0.5422792375149134,-1.1663737101762401,0.4061353961686309,-0.2604302633324176,-0.13109174048640276,-0.3668629095010538,0.343864616496573,0.4999091429699612,-0.5156063447653142,0.34479330015240395,-0.12088309037159226,-0.35989151672004627,0.2060623088542734,-0.022310167365553316,-0.7488678141591566,-0.30810442554077416,0.6200680516793559,-0.4525383710651979,0.32745255211327706,0.49289987909614374,-0.08208550612626131,-0.5977359831181717,0.7991380759152393,-0.5727685242387547,0.21654510320500717,0.044363324638290166,0.049829170603086254,0.18827366481405125,-0.5556906199842393,-0.7003312315214163,-0.05714346776982175,1.3079794850487372,-0.8923028613952246,0.5073504316596696,0.2258756538682018,-0.46554284662931394,-0.21524332457117565,0.4840406506728466,-0.6027230313811219,0.7741411059164679,0.3252844403873793,-0.6579751989944644,-0.2907443593646292,0.7146952663984545,-0.01423864112774348,0.45704729493609064,0.6325030239758028,-0.20735630422614268,0.18762027980032203,-0.2509536609380003,-0.7422306638683065,-0.9505400717302888,-0.008461173565112612,-0.0003283910201323931,1.2340846060951591,-0.8703230945243091,0.1268916764339594,0.24523444710995518,-0.05413611313268161,-0.686413698655212,0.703640137198131,0.320644065829943,1.206372162998522,-0.140175352683883,-0.03345636846079347,-0.024235149930032132,-0.5319709387279309,-0.11588680670784754,0.03251409177605655,-0.11572651288759662,-0.41948652437622025,0.14973794545840813,0.7841033659280854,-0.31394399004475737,0.6369881174009391,-0.38182699225048267,-1.0769738182332023,0.3013753420356802,-0.3001335136565019,0.2819307130814184,0.5627029849198839,0.22739191622520116,1.638548311781665,-0.3047067516803767,-0.5091709784082656,-1.0086614045176074,-0.6992815798082078,-0.053698868879500934,0.35369027773294337,0.02664744397295791,0.6693623692286168,-0.1662022632502466,-0.7044150184324324,0.13991958540690863,0.07857304447367233,0.25712860465944054,0.2955241271291822,0.41697537155011055,-0.3154672495166773,0.6361866776342392,-0.043323221799810796,0.824222615039609,0.4678022135288025,-0.1102072684754015,0.08379655969561195,0.3424007308036827,-1.0425103774086695,0.31329036073819455,-0.10076726408464139,0.42640726189931394,0.12131848357926749,0.7822479858020457,0.8961458818956046,-0.83919438349326,0.04336330366353659,0.8684773902211982,-0.24618184099072016,-0.3508340608079615,0.6857861092661236,-0.15836499778449292,-0.7241311356463616,-0.12549289187620472,0.005654179752226839,0.07568927513221901,0.1498910706066523,-0.012728010979707355,0.9198478981764973,0.42899673315701725,0.02197765223927768,-1.1966054891430113,0.6803933147112584,0.08812381937752631,0.5063516120427962,0.13230311405501224,-0.08176544643720769,0.7110693288150007,0.05065313619146275,-0.6593743858405421,0.5525710704618042,0.650982255049824,-0.25644574257602265,-0.13211045775395447,-0.8891047687660425,-0.7041742243066961,0.3447529108221169,0.2896952410129603,0.4349090928385506,-0.7694257422413976,