{"NP":696,"HID":16,"OBS":34,"ACT":8,"theta":[-0.29339918626099526,0.14008837114290132,0.7505395686366596,0.33241426568704996,0.684758079430666,0.832104869416249,-0.6718404125387634,0.41604108688811275,-0.12118492855331575,-0.2643190371309993,-0.4227421240331274,0.6195902525507716,0.41840973085475225,0.536881732614004,-0.027607866692178466,0.2720634540428829,0.10513894131651252,0.9352922901095941,-0.507028600013158,0.9845189955721321,-0.8393497355440734,0.1224698187398213,-0.1936318499360672,0.7536043466271382,0.0009592302155629617,0.19609070990976438,0.20551620918361757,-0.22108013184286351,0.5553670517733142,0.5533066074365712,-0.18573452948473873,-0.024220610343952544,0.9431541055152447,-0.1456750575213363,0.20407688488858625,0.9260392018175803,0.3375210112219579,0.01110964035794732,-0.037881748635130635,0.04192696369068146,-0.11659490156654395,0.44227128530024146,1.210655459585108,1.2201380382556215,-0.4326106335522253,-0.6320464962625955,0.21922396682133077,1.0620406923887038,-0.5145511131769687,0.2069543946048031,0.7380952209336238,0.5186552108525528,-0.1362135023687391,-0.08483610124957383,-0.7932215285305352,-0.36699365640675496,-0.2818005909688689,0.9786884258956328,0.481940000241748,1.1932641658451009,-0.2701173945419219,-0.5783450113497607,0.4244206638691684,0.5970003252823395,0.02823655187807702,-0.9928304210955967,0.43573717659426847,-0.24780759015268627,0.7424341241843537,0.17173000132057198,-1.1296084472833974,-0.36830952441204157,0.9268688986125853,-0.05805020539981018,-0.48057112416487985,-0.3857710509205821,-0.4868021614494497,0.3838288311958394,0.07820796919837791,-1.131876383197049,-0.6156197224838325,-0.8582463755865399,0.5425434664110305,-0.3457263537117069,-0.0389517209959762,0.22044899718407415,0.1335035867082538,-0.7634020104929444,0.4664224395786649,1.1578680989587937,-0.1548734042409034,0.31443542384773926,1.0002877742048684,-0.40993813718042765,-0.6319185753638951,0.13774092634283483,0.2861920561699589,0.7452574185912639,0.10770032028995391,-0.2460075269953005,-1.3501468954847253,-0.4154941919512595,0.011005366993632762,0.36478166049641847,0.5659886189452737,0.4809362558292987,0.17385520061082516,0.6353872677588077,-0.5564383736626848,0.4569087810378845,0.7077768587520694,0.36154924162995156,0.8835231999835939,0.7668828478144487,-1.1360135940758729,0.5391825339241579,-0.3593265535470805,1.2774669484010432,-1.627459422365408,0.7385007378278214,-0.0701770581472996,-1.076348885918372,-0.2936787332153747,0.17748724502463695,0.006227304853074378,-0.5143939517876412,0.0430718998205502,-0.6756482627608061,0.9032154270266216,0.6197741012670138,0.6144200864849528,0.22402824468810542,0.808064905370388,-0.0839559878572513,0.707743581973698,0.20364159074689822,0.4716396983257186,0.13455586810806566,0.6949110245990855,-0.3756525279103857,-0.43637842652300035,0.016569113407606965,-0.88512653082453,0.8291989350814273,0.6686702886442001,-0.26671748460232575,0.22766333569206082,-0.0266102523032941,0.17995325492426473,0.24427655179693064,0.3578466983477359,-0.22394741260578538,-0.865146171645921,1.019489707472582,-0.3182247541239392,-0.4049653701193984,-0.01982582321686475,0.547938928097528,0.24052467652261716,0.2698155045378945,-0.47710258647565507,-0.013606914458140287,-0.5911022432738993,-0.6101281820493576,0.9255364219609218,0.19714785905973678,-0.7921203416121103,-0.6098259652665138,-0.22768807416283657,0.4530769954447974,0.21172095651474526,0.3188187190614007,0.24136339004856983,-0.1168954755443059,-0.27183437830540935,0.4601217799510011,0.4006361703079793,0.1201826776574143,0.44399908282572575,-0.5433252280922097,0.06388743817004883,0.3605783134591194,-0.10203750089293781,0.04152448480134941,0.5886265685619676,-0.46073920700185855,0.5784969274879258,-0.9667402350673224,-0.1611295491169033,0.15015921445986213,-0.3233620117018494,-0.18847412795172128,0.08802502714946228,-0.33169249075090335,0.47946404115496205,-1.2126711773735142,-0.5624357920854246,-0.641248577118194,-0.2643012255467899,1.895978739335485,0.9609854449287172,-0.060843985715895416,-0.23495404819506963,-0.024211455091131026,0.45643590054083993,-0.01596290523115578,0.6323290426651753,0.6716006569344207,0.49873158325638617,-0.1519013609265839,0.646930382402237,-0.4529271682500851,-0.43333691435449023,0.3699826100317715,0.39404350176463193,-0.001653966011449473,0.31217564945831444,0.16615939778621497,0.2402305168022947,0.16428321565401993,-1.4352255813544321,-1.0271283616068594,-0.7565027024677228,-0.025982359783502045,-0.1269990187110932,-0.3031121687274909,0.4479107201906228,-0.6482504493899445,0.23701439995169915,-0.9400467400691402,0.3409878908974367,-0.38434803091202596,-0.4241568398426674,-0.7303816379762299,-0.697743844293898,-0.07972164864732559,-0.15827778010259325,-0.24193692283411342,0.9192214303043436,0.46903846729161186,-0.45809307323198845,0.7656552886328993,0.5254704911735474,0.6135678094880475,-0.2665492537368868,-1.07291889473863,0.07719530575362098,0.5075693146735801,-0.6794893253031207,-0.5395494534696788,0.44536000094248634,0.11765894367164464,0.07150115596965967,0.008093158356049325,-0.20135014011512833,0.48050720019822746,-0.6693154285880167,0.4081962536423361,-0.0788911529932073,0.4576953575281121,-1.179170068487883,0.1722366945635572,0.5040537051905954,-0.30599965430611503,0.27711919052367834,-0.06605489117475201,0.3668967452048719,-0.36271802496454464,0.8170033656053387,0.44420969138912053,-1.1119259569762199,0.1419899711466336,0.5605156446887203,-0.17769565688267325,0.266918836351734,-0.39921459498207607,-0.3019162972834917,-1.1912895750496222,-0.8036320925182288,-0.40761291568156105,-0.007669075970052841,0.3554503948205955,-0.44712563731435684,0.2430908283165574,-0.6379976489054916,-0.27670910108272423,-0.2093440073663997,-0.17369157537440755,-0.2832074208749717,0.7240473659519724,-1.403785075037796,0.10328572799608823,-0.18229816851774674,-0.2013248390608277,0.22791115673941398,-0.7078733841234125,0.6723316598775912,0.14069075568842343,0.002827357654204851,-0.18475391183913767,-0.360563854109251,0.1918444980812297,0.26833444816362034,-0.46798021206931345,-0.38318314571467355,-0.13044859332057496,-0.5866563900316825,0.8276971444159069,-0.7499094475854726,0.3659928402752465,-1.0286256403584721,-0.9089139032690534,0.18821617922759065,0.22515792868343681,0.6879453766678625,0.8439725623102523,0.6446914004335027,1.1194442243460523,0.14469618658992692,-1.3759643265199974,0.599163596339093,0.5536544840158908,0.21239470730969903,-1.1374478976882851,0.21816889357892122,0.039988189849759936,0.2635621106637584,-0.4292549293358454,0.5047192197725343,-0.8217762429701773,0.05317524331238488,-0.9758177454959548,0.4787548136404084,0.4708424721599811,0.07597089452971871,-0.16890137730251353,-0.22286666941148817,-0.7169317583570604,-0.643365183248365,-0.1545091613639365,0.08200291176813972,0.2878011194370246,-0.11520379770926809,0.8097889653092454,1.081187026060672,0.11216211794439432,-0.35608541081897005,0.20132310131861786,-1.0913964510138203,0.30321871136658035,0.4661768947375066,-0.5496373279165884,-0.30017485474757954,0.5625387627021416,0.6809503189989822,0.12016316422707984,-0.8043301147818067,-0.5451043309492822,0.675379032539425,-1.4201140571157354,-1.6006738789977402,-0.4161799725434703,1.0073914285452945,0.321429973328757,0.5442512045377108,0.48360683551419614,-0.9189637170238937,0.19146640807825324,0.3213364524471537,-0.0638004414770461,0.32458885501679247,0.0566048702986711,-0.3692704592680871,-0.20015739604721722,0.3433522198231219,-0.2777304442045738,0.7216443987949647,-0.3297548772787118,-0.8605238790723754,1.1979472391811357,-0.05725083700632337,-0.6872985832644922,-0.6228187564972152,1.2216893134207054,-0.774360343311291,0.3179191625088361,-0.24282622577997395,-0.49612975558899686,0.2912754133384617,-0.270135646548408,0.6625115263625065,0.2670418627334082,-0.38243658890603677,0.8484891875580963,-1.2574357836338241,-0.45122302285302085,-0.8290313559859275,0.9649216310985045,0.8073885802417522,0.48338502047201626,-0.2557070311692665,