{"HID":20,"OBS":34,"ACT":8,"net":{"W1":[[-0.02819583661137591,0.037325918827753476,-0.19014270033216418,-0.37091108224969005,0.04698299207030884,0.24019703184384422,0.26315534012759545,0.0885809431383536,-0.21972718946754097,0.2897443489933933,-0.06820353562298104,-0.24172564787913173,0.014707431239021093,0.14527715509638858,0.23903729350389713,-0.11302813537654384,0.03315551461906948,0.035605624270635204,-0.13383403736875626,-0.04485147570683368,0.00620355296132867,0.05479717021177639,-0.48312536740666095,0.304989791590128,0.17486438304014787,-0.1101737976817684,0.0012409834746998974,0.0518271931600825,0.3041817388878395,0.0756314713994745,-0.3184627625542675,-0.09288793598844194,-0.14731949345899742,-0.27669240803191275],[0.0730046002972932,-0.18873806722517453,0.11413942126939618,-0.17127586392905675,-0.12735986443940972,0.270953643113448,-0.2808624689666438,-0.059268518699981156,0.6056300154783878,0.08153475375850715,-0.2154624987998239,0.10136545394435403,0.3655286474957982,0.2272884929852374,-0.14002884150576492,0.0038483386251496133,-0.20852669095278106,-0.008439108995251136,0.1164131745671398,-0.07263601370378021,0.23142327965305365,0.17911231646759707,-0.02162054236340977,0.1983030561255982,0.17264142166183857,0.41259956372422635,-0.0389498077374285,-0.13384526761238918,-0.07514756541106052,-0.04637581701912985,0.23052953028976175,-0.2565202835165778,-0.27971306035791177,0.008776901375373142],[-0.23932657711900612,0.4208869732748036,0.10476023748250508,0.37649329947346605,0.08055885171139981,0.4453148722640498,-0.1841164679332697,-0.2593306307339151,-0.21299571831554792,0.04007147904331034,-0.21863161215845636,0.004869869584187745,0.03753547933829517,-0.26412665093034066,-0.20400049461000092,-0.029471861169871095,-0.022417137463988327,-0.18148598784299907,-0.4578603910945091,0.1135883751780334,-0.02348843742404908,-0.293304882569281,0.11250083879702172,0.08574901854374546,-0.059378446097268486,-0.002704989896591684,0.1911952961200316,0.07401420926653667,-0.04171143450269948,0.10526580482681663,-0.13466613939326072,-0.04015799747807504,-0.3404285200569374,0.0893756332477734],[-0.023042195114028344,0.042653206392023954,-0.11528268701573782,0.20106836553128962,0.02693300915127193,0.04140324373901907,-0.13353716451563508,0.1105099173588995,0.01733911711383901,0.03775349715087806,-0.19314626776439764,-0.06730520562124517,0.2892419740445351,0.1710745646425072,0.08442347621906289,0.20534227398453264,0.06120381087786948,-0.22274147032782263,-0.03613332101737708,-0.08739921375014723,-0.36334995367005857,0.1741255637494506,-0.25656800411496117,-0.015676224867094895,-0.04648100183958439,-0.13104309085042545,-0.08995367817259312,0.13184694985093784,-0.1241464267300203,-0.054611416764641374,0.11050620613168285,-0.28908291209616854,-0.08208505767889024,0.3185489320692411],[0.11561523970775625,0.01607850370239153,0.023698525231347394,-0.12459441086153547,0.09548916358029162,-0.11130128315291024,0.032176343448124506,0.3794154875473978,0.1579041961688468,-0.041654829945036054,-0.10511574207042164,0.016609137952142538,0.38459547840896663,-0.21458835337039053,0.23665568869168072,0.07834315740750987,-0.07275249883238402,0.09095410893178361,0.24911924331824326,0.05332693163801173,0.02136017930861278,-0.13119026324258234,0.0331524409256418,0.10340105236652605,-0.0971651055829914,0.032873668906606236,-0.014248080018339415,0.18266703685172436,-0.061604946776428735,0.041752288190392936,-0.061859454567688495,-0.017895392077662456,0.11990227482917067,-0.023613858277713697],[0.12608864172007522,-0.497159212402132,-0.056553474947578834,-0.1289630763251019,0.12785557496592836,-0.2563851937086858,-0.024881076434940624,0.13368989398553677,0.15588024333329992,-0.01401496640829078,-0.25978259798580966,-0.03329196886990197,-0.05982666366084785,0.42018267840618756,0.020364061194610573,-0.12338879525259824,-0.0377648735549245,-0.27634559808226344,-0.39465489010008353,-0.05422159759152555,-0.1540441703120518,0.4252158799354515,0.021673432624995596,-0.08749586664511719,-0.12456559508447873,0.07056776143349695,-0.06250684539602863,0.15996975211187994,-0.021415451901027092,0.2673486762546094,-0.004312021816722543,0.2621549132273567,-0.008859820648632836,-0.12518283937592642],[-0.021005163170740516,0.03209290791831278,0.1281392527097509,0.12556306112391757,-0.051657003098506966,0.10699810552555357,0.09415495871876603,0.3117452361761972,-0.09231534629749394,-0.13041395049593746,0.05540459677225841,-0.06158319428268376,0.011449139072339319,-0.16340315082768345,-0.24507064750936589,0.320576992156233,0.035298271977552025,0.06912513018189632,-0.22718393095452719,0.12150835516085348,-0.10081569858129016,0.14811152933535565,0.03285160046848138,-0.004778988064557673,0.09749284236795422,0.1889033478384715,-0.1168188948475444,-0.06468402163660623,-0.2416458926958741,0.060663393886204266,0.1833395610482679,0.15815989725405002,0.28766047239016745,0.0973960419985391],[0.25730462321157005,0.02031097924507282,-0.07939299809110134,-0.3245065906189191,0.2805778529534943,-0.002188004687452914,0.06786862388926279,-0.04680934328220572,-0.0795521090060513,0.13828356578483886,-0.07635381025807429,0.09614701652898179,0.05860749631839448,0.058512730461132416,-0.0590811784405545,0.023926801002111125,0.14019250699787622,0.05718742890153455,-0.34269476574538454,-0.014927699420605615,-0.08393386342166066,0.09969239371594343,0.1308374663696268,-0.1457822090719168,-0.0426248270474634,-0.08052529567839535,0.04631226857317323,-0.08985218673371272,-0.20638359692054084,0.026172862206040426,-0.07465972007624325,-0.1970146134298261,0.06904969626480452,0.10322732455865877],[-0.06042903196716541,0.043604626841963486,-0.10484360945427777,0.020060936102458852,-0.044876924733682454,0.012593731762915466,-0.2334068260546142,-0.04917190242256238,0.24821369779009408,-0.01901574470765037,0.055343487902192436,0.11570059527846771,0.18996848130215663,-0.18696574126034388,0.2742076801306314,0.1430275483307593,0.10031999995501635,-0.45181146213260015,0.38840847619002633,0.2326591141733865,-0.032262293694584616,0.15271482161265565,0.03949854838069592,-0.11222406774139193,-0.15766415819555796,0.08909612038685173,0.015897343600494544,-0.03858903166498832,-0.006875750446012375,-0.05498230427505029,0.1404150873871075,0.18207634175523085,0.16290962133945816,-0.047113738142260685],[0.07328551106133864,-0.04863715127826994,0.08609945251583316,-0.25443703006087853,-0.03327033582410034,0.04892808785871707,-0.1210937978475443,0.11231265627724255,0.1028252767322443,-0.046972730619826396,-0.07730092037950456,0.21915225559183663,0.2095272719794313,0.04610723577775732,-0.14885677375536813,-0.07024192662148143,0.12854305492628681,0.21867044744577474,0.2770758951381828,-0.02836298616696504,-0.36012843232989766,0.16773405436223407,-0.04268162733637091,-0.03168817870173891,0.04557963513799022,0.01967245062873419,-0.14435919737688466,0.346998050390561,-0.08954376461409938,-0.021394028302798872,-0.13974848091136544,-0.019623480033306114,-0.18288057382052886,0.05140266385265118],[0.16807134593817022,-0.10541097097740722,0.22270482015477663,0.10424049076521764,0.20794473494741114,-0.21161896570933142,-0.08362425614270623,0.16297696665742356,0.1751709999817628,-0.04650067201573021,0.3658266918889602,-0.1275890251284702,-0.06935414840197687,0.07027530226903012,0.21831111182247748,0.41225008900448723,0.059067113899914904,-0.06621584832064387,-0.022916450290237006,-0.06378286036990166,0.11989670724420827,-0.09987611528227353,0.1561876305829255,0.11816872920415085,0.13732855985761147,-0.05908649654633662,-0.034870627820256156,0.055557154487626,-0.1157135242655781,-0.14547795779929856,0.11785977862347972,-0.36436648505212976,-0.4096556173693025,-0.08486662989456166],[-0.3135995443264072,0.007056163959964651,-0.11010444136048654,-0.5608912442604843,-0.1850532165603451,-0.09489036207812754,0.06554048734700955,0.059008933194216476,-0.19900822259626993,0.30163362396553717,-0.27908919148020017,0.1510957071571845,0.040655339259186025,-0.1032582690497056,