{"NP":632,"HID":16,"OBS":30,"ACT":8,"theta":[-0.4417820298236113,0.9342484543055183,0.05055593383491004,0.22822574917068994,-0.12205037844395995,0.9050301978377137,0.6710532696290052,-0.09024462217133233,-0.1998856302880211,-0.3696045666352938,0.25364067837326476,-0.3715442546910056,-0.3791708084575825,-0.13723590809402653,-0.08510701577700419,1.3533810397831405,1.835999831668801,-0.3250330468950937,-0.29775415469479427,-0.20772149996657013,0.6979611930100582,0.1434135079560677,-0.31110494547420614,-0.37309389315666214,0.48251345171545745,-0.1761808789768661,-0.6695989829750839,0.5766264485493018,0.5774327005461062,0.28103290630163874,-0.7210779812846243,0.9555694169056455,-0.5263985549093784,0.48543111237680314,-0.16931184766918267,0.5409085654866224,0.4702751357489699,-0.08462201505188771,0.0007697465470713205,0.4242941490199619,0.16055629075912622,0.07083745036011704,0.2849272602581886,0.6649447654921604,-0.1285173716237188,-0.08530383386163207,-0.4208067756703982,0.2869685218157969,-0.12008486313901157,-0.4899496491690396,0.3218026354385379,1.7133630681493912,0.22927368263682862,0.08955250115439223,-0.020235946983308647,0.4479725549396361,-0.29104691339943944,-0.28222261902917745,0.8052120487591714,0.5858894574581508,0.007711526720971723,-0.7982761843645174,1.2557313372967218,-0.41151524434974923,-0.6806760112929442,-0.06695589894408688,0.4459082679291311,0.6779720579309074,-0.35706102083060354,0.12418570864902176,-1.181776478040038,0.17341585788524966,0.5784641379752576,0.037053517694711505,-0.4574458615986961,-0.10510081329850002,0.014972926856423374,0.6168891429432694,-0.763847804443069,-0.34668230224091634,-0.19508353751484936,-0.009261885540217563,-0.8990011346010592,0.09655851849352848,0.9766395174773594,0.331056154224888,0.6482939772969305,-0.2873389196758631,0.7772703376872961,-0.1022510103882261,0.6633660107752447,-0.2550910053687559,0.0661930558021655,-0.6165330847279248,-0.9678050301377674,0.3867594566798833,0.7016029279784055,1.2259195543599932,-2.0873078436294215,-1.2975814123199438,-0.5848260364268336,-0.18897726648097035,-0.28096517173393887,-0.4921763681612326,0.49191563077191564,0.3250701630153605,0.9966987592573049,0.6271868262404054,-0.31556513456222046,0.6188128754225972,0.6903620995079389,0.40353168809022805,0.32572880606715243,-0.7427227585127378,-0.9032045295705997,-0.20946201051215102,-0.10551849918021472,-0.1478638783790355,-0.4074022053702384,0.7060918606744824,0.3232982010139772,-1.132799725578871,0.5810672163154208,0.21033254059615905,-0.369514834704918,-0.8863026136638644,0.47683483310908403,0.5965164268630629,1.0531299324186951,-0.21414345934929113,-0.0059123875078143096,1.2594925867791438,0.49940214849953335,0.9744780642392704,0.619739800740355,0.20616398684384488,0.30479159594506383,0.15197678910102994,0.4792485623920403,0.48651978560925263,-1.0383471001967859,-1.0964359045568852,-0.7823350105139881,0.37269178193309704,0.5814558075860471,-0.17578812474681982,0.1678118131953405,0.044287376487015,-0.10979378913404018,0.1633185853909905,0.501642105141333,-0.6002661024482494,0.20850825691962535,0.4418260244180099,-0.3714299083727175,0.37070474447930446,0.38187946676248957,0.1776126881776446,-0.9411692719504063,0.9038250878979233,-0.17349011619589982,-0.3310726623023526,0.6620241550691573,-0.28291814231498436,1.1477352355639887,-0.4612226364639769,0.22269480749002468,0.12043327626195699,-0.3736499285751481,-0.4590041357211794,-0.1924126897005111,-0.1166239494076708,0.4351393395284121,-0.5444376221179396,-0.16404440564949813,0.2860956485578258,0.625081585393392,-0.43267298025392936,-0.10426256530172504,-0.03181923846221414,-0.22539641147326622,0.2866015182852487,0.1735353159294282,0.3007989945113014,2.0587712686043034,-0.45196856340472547,0.17490169969718147,-0.18974136287184462,-0.8135456432092101,0.2350305057110266,-0.2866004288950884,-0.02960674878546332,0.03964316917058028,-0.16378369463738773,0.1856035747506677,-1.4848194013164506,0.0750724832123878,-0.536470849322537,0.2426691155746334,-0.8674810274664337,0.4046090090692181,-0.011166038876184725,-0.06169531658616054,-0.427011506031756,-0.40322331486626395,0.6602636141691093,0.7691618036687861,-0.2097858720507106,1.0092961097454851,-0.583289389973474,0.6709329999826629,0.5110226755492782,-1.4056086421366714,0.5734110654347668,0.03593505682792053,1.2071848241675918,-0.25318167498557925,-0.07970128195976461,-0.6649167101153409,0.2852397779051155,0.6549314844573917,-0.44047003331120527,-0.2710104690061735,0.3379710652012512,0.09383798895057655,-0.15326056179239184,0.13353408745068057,-1.2804268402734977,-1.6788600229812318,-0.15161243737249497,-0.484760675021639,-0.7978941472612313,-0.07779504239469087,-0.4781796884411155,0.8117406897316832,-0.46352012592898867,0.530857345446323,-0.538286428948386,-0.45498309116578484,0.7841509602667286,0.37469032547206205,0.7633679143276608,0.6104253478388801,-0.22688572535569237,-1.0105154992695855,-0.34456730465372837,-0.27401275663040603,-0.6884201203564684,-0.49869863994341695,0.23272325254709847,0.3768390998549964,0.035663089982234886,-0.18076381888128812,-0.5910653087326675,1.5751122277973932,0.3662851632872951,0.4536249851380799,-0.2554200411074521,0.32547207514343524,0.6245438079725903,0.08485727475161381,-0.23651502193197838,0.6477162407370757,0.6042709161667378,-0.5148299115383429,-1.0008313765216064,0.961385943627961,-0.0500619160178305,-0.2322872298661471,-0.4569472775728014,-0.15148500051312633,-1.031704960073008,0.33166523100873235,0.2909202435417587,0.015907317454700837,0.6957543065068603,-0.23178752063442504,0.21554406294731038,-0.5874107374068915,0.17526425188203631,0.23160563548653448,1.2759805740959371,-0.9180657772453602,-0.8053631479675263,0.27901650682213397,0.25009046988829525,-0.40729153745906777,0.5779005402998747,0.10382613367126657,-0.34691747306215787,0.018346701613267735,-0.9992289967308349,1.007250249099331,0.8769591002412334,0.015531129611315087,-1.1254838193759404,1.0398029981594834,1.3888608193531433,0.16638635933924661,-0.26441539029185945,-0.07512668937362381,-0.03373249856930638,0.22191964981153417,-0.8715222431863053,0.314062274306393,-0.6708295838212653,0.2061448693981351,0.6299518118173453,-0.3003231340617363,0.9380639758876558,-0.6815910473398735,-0.5074586845872272,-0.05850387284076056,0.31027480411484143,0.16892778548461473,0.8544725127024038,0.6351442805607762,1.1971126068759448,-0.1183094639836125,-0.4116137903702804,-0.27136306554697354,0.3756921619375556,1.033083287447306,-0.3967017104254882,0.4280366575519884,-0.33927525858063773,0.3591564865676103,0.5813928737813707,0.6164997351764411,-0.15632770484522832,-1.037614439873852,-0.28481522158794564,0.07259946522972283,0.22441450900155174,-0.17990678618122158,0.42535861352978377,-1.3019338229714776,-0.6342239172311962,0.6029706611140556,0.17777928746139282,-0.1515684618655357,0.20420270134962937,0.18576713908897008,0.2841674157916789,-0.303904784263612,0.14571310114478442,0.7819735645314934,0.443316457997342,-0.6711687676152317,0.5906339112279995,0.7917024513172779,-0.3806943091901071,-1.1810203090663072,0.21123791784781543,-0.77049242404776,0.8334548194394001,-0.09302039332271365,-0.7874684878895253,0.6176983506420454,-0.25300929996616656,-0.723120602099367,-0.1835739530055075,1.3749707094463046,-0.36947239710164387,-0.9606538671242812,0.4112172396127075,0.5182164554730739,-0.03252605604842762,1.3871986785507455,0.7111097710224583,0.39008972184267765,0.5985399667250477,0.41785923532215313,0.9129924964581853,-0.7512648922469645,0.011804309352118403,0.3617960192127952,0.634019605817322,-1.083379464334641,1.2400249896948496,0.08412010737923711,-0.8812558994248598,-0.5662411997607752,0.9648451185240737,-0.9237720324420412,-0.3918724397674316,0.6623954204721229,0.4706316459744854,0.06997383642429725,-0.07361384317981215,0.5898989583255043,1.2815626417505297,0.383234462435849,0.22663009469456277,-0.46621005379785724,-0.5919456227418112,0.9748367137896887,-0.04918343620456528,0.4230597253977952,-0.14975521821046942,0.241058091588732,